[
  {
    "LatD": 41,
    "LatM": 5,
    "LatS": 59,
    "NS": "N",
    "LonD": 80,
    "LonM": 39,
    "LonS": 0,
    "EW": "W",
    "City": "own",
    "State": "OH"
  },
  {
    "LatD": 42,
    "LatM": 52,
    "LatS": 48,
    "NS": "N",
    "LonD": 97,
    "LonM": 23,
    "LonS": 23,
    "EW": "W",
    "City": "Yaon",
    "State": "SD"
  },
  {
    "LatD": 1,
    "LatM": 2,
    "LatS": 3,
    "NS": "S",
    "LonD": 8,
    "LonM": 9,
    "LonS": 0,
    "EW": "W",
    "City": "Yung",
    "State": "US"
  },
]